title,score,subreddit,url,created_utc,author,num_comments,retrieved_at
This whole potato made it into my bag of chips,30187,mildlyinteresting,https://i.redd.it/cdsyoq4uy4ua1.jpg,2023-04-15 18:52:38,del_454,704,2025-04-03 19:55:03.981976
[homemade] Chips from homegrown potatoes,25322,food,https://i.redd.it/ur4z5f7iyvi91.jpg,2022-08-20 15:20:26,i_swear_too_muchffs,335,2025-04-03 19:55:03.981976
"Ode to the Classic Potato Chip: Very good, and defying the inflation in other brands?",36,traderjoes,https://i.redd.it/4vxanzjgigcc1.jpeg,2024-01-14 19:25:27,krelborne,8,2025-04-03 19:55:03.981976
Freshly made potato chips ,4,okc,https://www.reddit.com/r/okc/comments/1damthl/freshly_made_potato_chips/,2024-06-07 21:50:52,Appropriate_Day_8721,6,2025-04-03 19:55:03.981976
Probably the best chips I’ve had in my life.,1923,chips,https://i.redd.it/h2809nhfob5e1.jpeg,2024-12-07 00:38:44,Successful-Pie-7686,226,2025-04-03 19:55:03.981976
Baked potato chips came out looking like used condoms,131293,mildlyinfuriating,https://i.redd.it/0b663xhusmoe1.jpeg,2025-03-14 10:21:40,C4RD_TP_SG,1594,2025-04-03 19:55:03.981976
Even if it’s just a 2-liter or bag of potato chips.,16154,AdviceAnimals,https://i.redd.it/7vquk5psro3e1.jpeg,2024-11-28 18:32:29,Gniphe,583,2025-04-03 19:55:03.981976
"Tomahawk Chips: Indigenous-owned potato chip brand based out of Riverton, MB",5536,BuyCanadian,https://i.redd.it/o269crtrg9qe1.jpeg,2025-03-22 15:40:08,MaplePoutineRyeBeer,195,2025-04-03 19:55:03.981976
Guy ate that like a potato chip ,52026,funny,https://v.redd.it/t7o4pevdwrgb1,2023-08-07 23:31:00,Internetboy5434,1543,2025-04-03 19:55:03.981976
A potato chip almost exactly the same shape as the picture on the package,21250,mildlyinteresting,https://i.redd.it/o1gv85amqdhe1.png,2025-02-05 20:24:17,xi_close_flat,131,2025-04-03 19:55:03.981976
